Country,Female,Male,main_score,F/M Ratio (Truncated),Ranking,Year,
Belarus,73,27,2.66,1,1,2016,
Guinea,72,28,2.52,1,1,2016,
Lithuania,67,33,2,1,1,2016,
Latvia,66,34,1.93,1,1,2016,
Moldova,65,35,1.84,1,1,2016,
Venezuela,64,36,1.79,1,1,2016,
Armenia,64,36,1.79,1,1,2016,
Bahamas,63,37,1.74,1,1,2016,
Russian Federation,63,37,1.72,1,1,2016,
Mongolia,63,37,1.7,1,1,2016,
Ukraine,62,38,1.66,1,1,2016,
Kyrgyz Republic,62,38,1.66,1,1,2016,
Estonia,62,38,1.65,1,1,2016,
Kazakhstan,62,38,1.64,1,1,2016,
Lesotho,62,38,1.63,1,1,2016,
Georgia,62,38,1.62,1,1,2016,
Suriname,62,38,1.6,1,1,2016,
Philippines,61,39,1.6,1,1,2016,
Bulgaria,61,39,1.54,1,1,2016,
Azerbaijan,59,41,1.43,1,1,2016,
Poland,58,42,1.38,1,1,2016,
Hungary,58,42,1.36,1,1,2016,
Canada,58,42,1.36,1,1,2016,
Iceland,57,43,1.35,1,1,2016,
United States,57,43,1.33,1,1,2016,
Barbados,57,43,1.31,1,1,2016,
Israel,57,43,1.3,1,1,2016,
Serbia,56,44,1.3,1,1,2016,
Albania,56,44,1.29,1,1,2016,
Namibia,56,44,1.28,1,1,2016,
Thailand,56,44,1.27,1,1,2016,
Argentina,56,44,1.27,1,1,2016,
Slovenia,56,44,1.26,1,1,2016,
Montenegro,56,44,1.26,1,1,2016,
Romania,56,44,1.26,1,1,2016,
Trinidad and Tobago,56,44,1.25,1,1,2016,
New Zealand,55,45,1.25,1,1,2016,
Panama,55,45,1.21,1,1,2016,
Brazil,55,45,1.2,1,1,2016,
Croatia,55,45,1.2,1,1,2016,
Dominican Republic,54,46,1.19,1,1,2016,
Portugal,54,46,1.18,1,1,2016,
Slovak Republic,54,46,1.18,1,1,2016,
Vietnam,54,46,1.17,1,1,2016,
Colombia,54,46,1.17,1,1,2016,
Australia,54,46,1.16,1,1,2016,
Uruguay,54,46,1.15,1,1,2016,
Paraguay,53,47,1.14,1,1,2016,
"Macedonia, FYR",53,47,1.12,1,1,2016,
Maldives,52,48,1.09,1,1,2016,
Sweden,52,48,1.09,1,1,2016,
Ireland,52,48,1.09,1,1,2016,
Indonesia,52,48,1.08,1,1,2016,
Norway,52,48,1.08,1,1,2016,
Belgium,52,48,1.08,1,1,2016,
South Africa,52,48,1.08,1,1,2016,
Honduras,52,48,1.08,1,1,2016,
China,52,48,1.07,1,1,2016,
Finland,52,48,1.07,1,1,2016,
Ecuador,52,48,1.07,1,1,2016,
Germany,51,49,1.06,1,1,2016,
Nicaragua,51,49,1.05,1,1,2016,
Cyprus,51,49,1.04,1,1,2016,
Bosnia and Herzegovina*,51,49,1.02,1,1,2016,
Greece,51,49,1.02,1,1,2016,
France,50,50,1.02,1,1,2016,
Denmark,50,50,1.01,1,1,2016,
Botswana,50,50,1.01,1,1,2016,
Belize,50,50,0.99,0.99,69,2016,
Spain,49,51,0.97,0.97,70,2016,
Sri Lanka,49,51,0.97,0.97,71,2016,
United Kingdom,49,51,0.97,0.97,72,2016,
Czech Republic,49,51,0.96,0.96,73,2016,
Netherlands,49,51,0.95,0.95,74,2016,
Austria,48,52,0.93,0.93,75,2016,
Lebanon,48,52,0.93,0.93,76,2016,
Luxembourg,48,52,0.93,0.93,77,2016,
"Korea, Rep.",48,52,0.93,0.93,78,2016,
Switzerland,48,52,0.92,0.92,79,2016,
Madagascar,48,52,0.92,0.92,80,2016,
Singapore,48,52,0.91,0.91,81,2016,
Guatemala,47,53,0.9,0.9,82,2016,
Chile,47,53,0.89,0.89,83,2016,
El Salvador,46,54,0.87,0.87,84,2016,
Malta,46,54,0.85,0.85,85,2016,
Zimbabwe,46,54,0.84,0.84,86,2016,
Italy,46,54,0.84,0.84,87,2016,
Bolivia,45,55,0.83,0.83,88,2016,
Brunei Darussalam,45,55,0.82,0.82,89,2016,
Malaysia,44,56,0.8,0.8,90,2016,
Algeria,44,56,0.79,0.79,91,2016,
Costa Rica,44,56,0.78,0.78,92,2016,
Peru,43,57,0.76,0.76,93,2016,
Mauritius,42,58,0.74,0.74,94,2016,
Rwanda,42,58,0.73,0.73,95,2016,
Tunisia,41,59,0.71,0.71,96,2016,
Uganda,40,60,0.68,0.68,97,2016,
Mexico,40,60,0.66,0.66,98,2016,
Syria,39,61,0.65,0.65,99,2016,
Timor-Leste*,39,61,0.64,0.64,100,2016,
Japan,39,61,0.63,0.63,101,2016,
Turkey,38,62,0.62,0.62,102,2016,
Cuba,38,62,0.62,0.62,103,2016,
Tanzania,38,62,0.61,0.61,104,2016,
Egypt,38,62,0.6,0.6,105,2016,
Morocco,36,64,0.55,0.55,106,2016,
Ghana,35,65,0.55,0.55,107,2016,
Liberia,35,65,0.54,0.54,108,2016,
Cambodia,35,65,0.54,0.54,109,2016,
Kuwait,34,66,0.52,0.52,110,2016,
"Iran, Islamic Rep.",34,66,0.51,0.51,111,2016,
Bhutan,33,67,0.5,0.5,112,2016,
Ethiopia,33,67,0.48,0.48,113,2016,
Nepal,30,70,0.43,0.43,114,2016,
Bangladesh,24,76,0.32,0.32,115,2016,
"Gambia, The",24,76,0.31,0.31,116,2016,
Saudi Arabia,23,77,0.31,0.31,117,2016,
Qatar,23,77,0.31,0.31,118,2016,
Pakistan,22,78,0.28,0.28,119,2016,
United Arab Emirates,22,78,0.28,0.28,120,2016,
Bahrain,18,82,0.22,0.22,121,2016,
Yemen,15,85,0.18,0.18,122,2016,
Angola,,,,,,2016,
Benin,,,,,,2016,
Burkina Faso,,,,,,2016,
Burundi,,,,,,2016,
Cameroon,,,,,,2016,
Cape Verde,,,,,,2016,
Chad,,,,,,2016,
Côte d'Ivoire,,,,,,2016,
India,,,,,,2016,
Jamaica,,,,,,2016,
Jordan,,,,,,2016,
Kenya,,,,,,2016,
Lao PDR,,,,,,2016,
Malawi,,,,,,2016,
Mali,,,,,,2016,
Mauritania,,,,,,2016,
Mozambique,,,,,,2016,
Nigeria,,,,,,2016,
Oman,,,,,,2016,
Senegal,,,,,,2016,
Swaziland,,,,,,2016,
Tajikistan,,,,,,2016,
Belarus,73,27,2.66,1,1,2015,
Guinea,72,29,2.5,1,1,2015,
Lithuania,66,34,1.97,1,1,2015,
Moldova,65,35,1.84,1,1,2015,
Venezuela,64,36,1.81,1,1,2015,
Latvia,64,36,1.8,1,1,2015,
Armenia,64,36,1.79,1,1,2015,
Russian Federation,64,36,1.77,1,1,2015,
Ukraine,63,37,1.74,1,1,2015,
Bahamas,63,37,1.73,1,1,2015,
Philippines,63,37,1.7,1,1,2015,
Kyrgyz Republic,62,38,1.67,1,1,2015,
Estonia,62,38,1.64,1,1,2015,
Mongolia,62,38,1.64,1,1,2015,
Kazakhstan,62,38,1.64,1,1,2015,
Lesotho,62,38,1.63,1,1,2015,
Georgia,62,38,1.62,1,1,2015,
Suriname,62,38,1.6,1,1,2015,
Bulgaria,60,40,1.5,1,1,2015,
Azerbaijan,60,40,1.47,1,1,2015,
Guyana,59,41,1.41,1,1,2015,
Poland,58,42,1.41,1,1,2015,
Hungary,58,42,1.41,1,1,2015,
Trinidad and Tobago,57,43,1.34,1,1,2015,
Canada,57,43,1.34,1,1,2015,
Iceland,57,43,1.33,1,1,2015,
United States,57,43,1.33,1,1,2015,
Thailand,56,44,1.3,1,1,2015,
Israel,56,44,1.29,1,1,2015,
Albania,56,44,1.29,1,1,2015,
Barbados,56,44,1.28,1,1,2015,
Namibia,56,44,1.28,1,1,2015,
Romania,56,44,1.26,1,1,2015,
New Zealand,55,45,1.25,1,1,2015,
Serbia,55,45,1.24,1,1,2015,
Slovenia,55,45,1.23,1,1,2015,
Slovak Republic,55,45,1.22,1,1,2015,
Brazil,55,45,1.22,1,1,2015,
Croatia,55,45,1.2,1,1,2015,
Dominican Republic,54,46,1.2,1,1,2015,
Colombia,54,46,1.17,1,1,2015,
Portugal,54,46,1.15,1,1,2015,
Australia,54,46,1.15,1,1,2015,
Uruguay,54,46,1.15,1,1,2015,
Vietnam,53,47,1.15,1,1,2015,
Panama,53,47,1.14,1,1,2015,
Cyprus,53,47,1.13,1,1,2015,
Argentina,53,47,1.11,1,1,2015,
Paraguay,52,48,1.1,1,1,2015,
Guatemala,52,48,1.1,1,1,2015,
Maldives,52,48,1.09,1,1,2015,
Sweden,52,48,1.08,1,1,2015,
Honduras,52,48,1.08,1,1,2015,
"Macedonia, FYR",52,48,1.08,1,1,2015,
Ireland,52,48,1.07,1,1,2015,
China,52,48,1.07,1,1,2015,
Finland,52,48,1.07,1,1,2015,
Norway,52,48,1.06,1,1,2015,
Nicaragua,51,49,1.05,1,1,2015,
Germany,51,49,1.05,1,1,2015,
Belgium,51,49,1.05,1,1,2015,
South Africa,51,49,1.05,1,1,2015,
Greece,51,49,1.04,1,1,2015,
Montenegro,51,49,1.04,1,1,2015,
Sri Lanka,51,49,1.03,1,1,2015,
Denmark,50,50,1.02,1,1,2015,
Botswana,50,50,1.01,1,1,2015,
Belize,50,50,1,1,1,2015,
Ecuador,50,50,0.99,0.99,69,2015,
France,49,51,0.98,0.98,70,2015,
United Kingdom,49,51,0.97,0.97,71,2015,
Spain,49,51,0.96,0.96,72,2015,
Austria,49,51,0.95,0.95,73,2015,
Netherlands,49,51,0.95,0.95,74,2015,
Indonesia,48,52,0.94,0.94,75,2015,
Czech Republic,48,52,0.94,0.94,76,2015,
Lebanon,48,52,0.93,0.93,77,2015,
Switzerland,48,52,0.92,0.92,78,2015,
Luxembourg,47,53,0.89,0.89,79,2015,
Singapore,47,53,0.88,0.88,80,2015,
Japan,47,53,0.87,0.87,81,2015,
Zimbabwe,47,53,0.87,0.87,82,2015,
El Salvador,46,54,0.87,0.87,83,2015,
Chile,46,54,0.86,0.86,84,2015,
Italy,46,54,0.84,0.84,85,2015,
"Korea, Rep.",45,55,0.83,0.83,86,2015,
Bolivia,45,55,0.83,0.83,87,2015,
Brunei Darussalam,45,55,0.82,0.82,88,2015,
Algeria,45,55,0.8,0.8,89,2015,
Malaysia,44,56,0.79,0.79,90,2015,
Costa Rica,44,56,0.78,0.78,91,2015,
Madagascar,44,56,0.77,0.77,92,2015,
Malta,44,57,0.77,0.77,93,2015,
Peru,43,57,0.76,0.76,94,2015,
Mauritius,42,58,0.74,0.74,95,2015,
Rwanda,42,58,0.73,0.73,96,2015,
Tunisia,41,59,0.71,0.71,97,2015,
Uganda,40,60,0.68,0.68,98,2015,
Mexico,40,60,0.67,0.67,99,2015,
Syria,39,61,0.65,0.65,100,2015,
Cuba,38,62,0.62,0.62,101,2015,
Tanzania,38,62,0.61,0.61,102,2015,
Turkey,37,63,0.59,0.59,103,2015,
Egypt,36,64,0.55,0.55,104,2015,
Morocco,36,64,0.55,0.55,105,2015,
Ghana,35,65,0.55,0.55,106,2015,
Liberia,35,65,0.54,0.54,107,2015,
"Iran, Islamic Rep.",35,65,0.54,0.54,108,2015,
Cambodia,35,65,0.54,0.54,109,2015,
Kuwait,34,66,0.52,0.52,110,2015,
Jordan,34,66,0.51,0.51,111,2015,
Bahrain,33,67,0.5,0.5,112,2015,
Oman,33,67,0.49,0.49,113,2015,
Ethiopia,33,67,0.48,0.48,114,2015,
Bhutan,32,68,0.47,0.47,115,2015,
Zambia,31,69,0.45,0.45,116,2015,
Nepal,30,70,0.43,0.43,117,2015,
Bangladesh,24,76,0.32,0.32,118,2015,
Saudi Arabia,24,76,0.31,0.31,119,2015,
"Gambia, The*",24,76,0.31,0.31,120,2015,
Qatar,23,77,0.31,0.31,121,2015,
Pakistan,22,78,0.28,0.28,122,2015,
United Arab Emirates,22,78,0.28,0.28,123,2015,
Yemen,15,85,0.18,0.18,124,2015,
Fiji,9,91,0.1,0.1,125,2015,
Angola,,,,,,2015,
Benin,,,,,,2015,
Burkina Faso,,,,,,2015,
Burundi,,,,,,2015,
Cameroon,,,,,,2015,
Cape Verde,,,,,,2015,
Chad,,,,,,2015,
Côte d'Ivoire,,,,,,2015,
India,,,,,,2015,
Jamaica,,,,,,2015,
Kenya,,,,,,2015,
Lao PDR,,,,,,2015,
Malawi,,,,,,2015,
Mali,,,,,,2015,
Mauritania,,,,,,2015,
Mozambique,,,,,,2015,
Nigeria,,,,,,2015,
Senegal,,,,,,2015,
Swaziland,,,,,,2015,
Tajikistan,,,,,,2015,
Belarus,73,27,2.66,,1,2014,
Guinea,71,29,2.5,,2,2014,
Lithuania,68,32,2.15,,3,2014,
Moldova,66,34,1.93,,4,2014,
Venezuela,66,34,1.91,,5,2014,
Armenia,65,35,1.88,,6,2014,
Kyrgyz Republic,65,35,1.83,,7,2014,
Russian Federation,64,36,1.81,,8,2014,
Estonia,64,36,1.77,,9,2014,
Ukraine,64,37,1.74,,10,2014,
Latvia,63,37,1.72,,11,2014,
Bahamas,63,37,1.7,,12,2014,
Mongolia,62,38,1.64,,13,2014,
Kazakhstan,62,38,1.64,,14,2014,
Georgia,62,38,1.62,,15,2014,
Bulgaria,61,39,1.58,,16,2014,
Philippines,61,39,1.55,,17,2014,
Azerbaijan,59,41,1.46,,18,2014,
Guyana,59,41,1.41,,19,2014,
Poland,58,42,1.41,,20,2014,
Hungary,58,42,1.39,,21,2014,
Lesotho,58,42,1.38,,22,2014,
Iceland,58,42,1.36,,23,2014,
Canada,57,43,1.32,,24,2014,
Slovenia,57,43,1.31,,25,2014,
Slovak Republic,57,44,1.3,,26,2014,
Albania,56,44,1.29,,27,2014,
Serbia,56,44,1.29,,28,2014,
Romania,56,44,1.28,,29,2014,
Namibia,56,44,1.28,,30,2014,
Thailand,56,44,1.27,,31,2014,
Uruguay,56,44,1.25,,32,2014,
New Zealand,56,45,1.25,,33,2014,
Trinidad and Tobago,55,45,1.21,,34,2014,
United States,55,45,1.2,,35,2014,
Brazil,55,45,1.2,,36,2014,
Dominican Republic,55,46,1.2,,37,2014,
Colombia,54,46,1.17,,38,2014,
Paraguay,54,47,1.15,,39,2014,
Israel,53,47,1.13,,40,2014,
Panama,53,47,1.13,,40,2014,
Argentina,53,47,1.11,,42,2014,
Ireland,53,48,1.1,,43,2014,
Maldives,52,48,1.09,,44,2014,
Vietnam,52,48,1.09,,45,2014,
Barbados,52,48,1.09,,46,2014,
Sweden,52,48,1.08,,47,2014,
China,52,48,1.08,,48,2014,
Finland,52,48,1.08,,49,2014,
Honduras,52,48,1.08,,50,2014,
Portugal,52,48,1.08,,51,2014,
Denmark,52,49,1.06,,52,2014,
Nicaragua,51,49,1.05,,53,2014,
South Africa,51,49,1.05,,54,2014,
Montenegro,51,49,1.04,,55,2014,
Suriname,51,49,1.04,,56,2014,
Australia,51,49,1.03,,57,2014,
"Macedonia, FYR",51,50,1.02,,58,2014,
Croatia,51,50,1.02,,59,2014,
Botswana,50,50,1.01,,60,2014,
Belize,50,50,1,,61,2014,
Greece,50,50,1,,62,2014,
Belgium,50,50,0.99,,63,2014,
Ecuador,50,50,0.99,,64,2014,
Germany,49,51,0.98,,65,2014,
United Kingdom,49,51,0.95,,66,2014,
Cyprus,49,51,0.95,,67,2014,
Spain,49,51,0.95,,68,2014,
Czech Republic,49,51,0.94,,69,2014,
Lebanon,48,52,0.93,,70,2014,
Norway,48,52,0.93,,71,2014,
Indonesia,48,52,0.93,,72,2014,
Madagascar,48,52,0.92,,73,2014,
Netherlands,48,53,0.91,,74,2014,
France,48,53,0.9,,75,2014,
Sri Lanka,48,53,0.9,,76,2014,
Austria,47,53,0.89,,77,2014,
Japan,47,53,0.87,,78,2014,
Zimbabwe,47,53,0.87,,79,2014,
Chile,46,54,0.87,,80,2014,
Switzerland,46,54,0.87,,81,2014,
El Salvador,46,54,0.87,,82,2014,
Luxembourg,46,54,0.86,,83,2014,
Guatemala,46,54,0.85,,84,2014,
Italy,46,54,0.84,,85,2014,
Bolivia,45,55,0.83,,86,2014,
Singapore,45,55,0.82,,87,2014,
Mexico,45,55,0.81,,88,2014,
Brunei Darussalam,44,56,0.79,,89,2014,
Costa Rica,44,56,0.78,,90,2014,
Malaysia,44,56,0.77,,91,2014,
Peru,43,57,0.76,,92,2014,
Mauritius,43,58,0.74,,93,2014,
Rwanda,42,58,0.73,,94,2014,
Uganda,42,58,0.71,,95,2014,
Tunisia,42,59,0.71,,96,2014,
Syria,41,59,0.7,,97,2014,
"Korea, Rep.",41,59,0.69,,98,2014,
Malta,41,59,0.69,,98,2014,
Cuba,38,62,0.62,,100,2014,
Tanzania,38,62,0.61,,101,2014,
Turkey,37,63,0.58,,102,2014,
Egypt,37,63,0.58,,103,2014,
Morocco,36,64,0.55,,104,2014,
Algeria,35,65,0.55,,105,2014,
Liberia,35,65,0.54,,106,2014,
"Iran, Islamic Rep.",35,65,0.54,,107,2014,
Cambodia,35,65,0.54,,108,2014,
Kuwait,34,66,0.52,,109,2014,
Ghana,34,66,0.52,,110,2014,
Jordan,34,66,0.51,,111,2014,
Bahrain,33,67,0.5,,112,2014,
Oman,33,67,0.49,,113,2014,
Ethiopia,33,67,0.48,,114,2014,
Zambia,31,69,0.46,,115,2014,
Bhutan,31,69,0.44,,116,2014,
Saudi Arabia,28,73,0.38,,117,2014,
Bangladesh,24,76,0.32,,118,2014,
Pakistan,22,78,0.28,,119,2014,
United Arab Emirates,22,78,0.28,,120,2014,
Nepal,20,80,0.24,,121,2014,
Qatar,20,81,0.24,,122,2014,
Yemen,15,85,0.18,,123,2014,
Fiji,9,91,0.1,,124,2014,
Angola,,,,,,2014,
Burkina Faso,,,,,,2014,
Burundi,,,,,,2014,
Cape Verde,,,,,,2014,
Chad,,,,,,2014,
Côte d'Ivoire,,,,,,2014,
India,,,,,,2014,
Jamaica,,,,,,2014,
Kenya,,,,,,2014,
Lao PDR,,,,,,2014,
Malawi,,,,,,2014,
Mali,,,,,,2014,
Mauritania,,,,,,2014,
Mozambique,,,,,,2014,
Nigeria,,,,,,2014,
Senegal,,,,,,2014,
Swaziland,,,,,,2014,
Tajikistan,,,,,,2014,
Lithuania,69,31,2.24,,1,2013,
Moldova,68,32,2.16,,2,2013,
Estonia,68,32,2.15,,3,2013,
Latvia,65,35,1.89,,4,2013,
Armenia,65,35,1.88,,5,2013,
Kyrgyz Republic,65,35,1.85,,6,2013,
Russian Federation,64,36,1.81,,7,2013,
Kazakhstan,64,36,1.79,,8,2013,
Ukraine,64,36,1.77,,9,2013,
Bahamas,63,37,1.7,,10,2013,
Bulgaria,63,37,1.69,,11,2013,
Philippines,63,37,1.67,,12,2013,
Georgia,62,38,1.62,,13,2013,
Azerbaijan,61,39,1.59,,14,2013,
Venezuela,61,39,1.56,,15,2013,
Poland,60,40,1.51,,16,2013,
Cuba,60,40,1.5,,17,2013,
Hungary,60,40,1.48,,18,2013,
Slovak Republic,60,40,1.48,,19,2013,
Guyana,59,41,1.42,,20,2013,
Lesotho,58,42,1.38,,21,2013,
Serbia,57,43,1.35,,22,2013,
Romania,57,43,1.31,,23,2013,
Canada,56,44,1.29,,24,2013,
Albania,56,44,1.29,,25,2013,
Iceland,56,44,1.28,,26,2013,
Dominican Republic,56,44,1.27,,27,2013,
Argentina,56,44,1.26,,28,2013,
Slovenia,56,44,1.26,,29,2013,
Thailand,56,44,1.25,,30,2013,
New Zealand,55,45,1.25,,31,2013,
Uruguay,55,45,1.24,,32,2013,
Botswana,55,45,1.24,,33,2013,
Trinidad and Tobago,55,45,1.21,,34,2013,
United States,55,45,1.2,,35,2013,
Finland,55,45,1.2,,36,2013,
Mongolia,55,45,1.2,,37,2013,
Colombia,54,46,1.17,,38,2013,
Australia,54,46,1.16,,39,2013,
Ireland,53,47,1.15,,40,2013,
Croatia,53,47,1.11,,41,2013,
Brazil,52,48,1.1,,42,2013,
Namibia,52,48,1.1,,43,2013,
Panama,52,48,1.09,,44,2013,
Barbados,52,48,1.09,,45,2013,
China,52,48,1.08,,46,2013,
Honduras,52,48,1.08,,46,2013,
Portugal,52,48,1.08,,48,2013,
Germany,52,48,1.08,,49,2013,
South Africa,52,48,1.07,,50,2013,
Denmark,52,48,1.07,,51,2013,
Israel,52,48,1.07,,52,2013,
Sweden,51,49,1.06,,53,2013,
"Macedonia, FYR",51,49,1.06,,54,2013,
Nicaragua,51,49,1.05,,55,2013,
Norway,51,49,1.05,,56,2013,
Vietnam,51,49,1.05,,57,2013,
Czech Republic,51,49,1.04,,58,2013,
Ecuador,51,49,1.04,,59,2013,
Spain,51,49,1.04,,60,2013,
Greece,51,49,1.03,,61,2013,
Netherlands,50,50,1.01,,62,2013,
Belgium,50,50,1,,63,2013,
Belize,50,50,0.99,,64,2013,
Paraguay,49,51,0.97,,65,2013,
Maldives,49,51,0.95,,66,2013,
Lebanon,48,52,0.93,,67,2013,
Indonesia,48,52,0.93,,68,2013,
Cyprus,48,52,0.92,,69,2013,
United Kingdom,48,52,0.92,,70,2013,
Madagascar,48,52,0.92,,71,2013,
Sri Lanka,48,52,0.91,,72,2013,
Italy,47,53,0.9,,73,2013,
Austria,47,53,0.89,,74,2013,
France,47,53,0.89,,75,2013,
Chile,46,54,0.86,,76,2013,
El Salvador,46,54,0.86,,77,2013,
Switzerland,46,54,0.85,,78,2013,
Japan,46,54,0.85,,79,2013,
Bolivia,45,55,0.83,,80,2013,
Mauritius,45,55,0.83,,81,2013,
Singapore,45,55,0.82,,82,2013,
Mexico,45,55,0.82,,83,2013,
Brunei Darussalam,44,56,0.78,,84,2013,
Costa Rica,43,57,0.75,,85,2013,
Peru,43,57,0.74,,86,2013,
Malaysia,41,59,0.71,,87,2013,
Syria,41,59,0.7,,88,2013,
Bhutan*,41,59,0.7,,89,2013,
"Korea, Rep.",41,59,0.69,,90,2013,
Malta,38,62,0.62,,91,2013,
Tanzania,38,62,0.61,,92,2013,
Turkey,36,64,0.57,,93,2013,
Morocco,36,64,0.55,,94,2013,
Algeria,35,65,0.55,,95,2013,
Uganda,35,65,0.54,,96,2013,
"Iran, Islamic Rep.",34,66,0.52,,97,2013,
Kuwait,34,66,0.52,,98,2013,
Egypt,34,66,0.51,,99,2013,
Bahrain,33,67,0.5,,100,2013,
Ethiopia,33,67,0.49,,101,2013,
Oman,33,67,0.49,,101,2013,
Cambodia,33,67,0.48,,103,2013,
Zambia,31,69,0.45,,104,2013,
Saudi Arabia,28,72,0.38,,105,2013,
Suriname,23,77,0.3,,106,2013,
Bangladesh,22,78,0.28,,107,2013,
Pakistan,22,78,0.28,,108,2013,
United Arab Emirates,22,78,0.28,,109,2013,
Nepal,20,80,0.24,,110,2013,
Qatar,20,80,0.24,,111,2013,
Yemen,15,85,0.18,,112,2013,
Fiji,9,91,0.1,,113,2013,
Angola,,,,,,2013,
Benin,,,,,,2013,
Burkina Faso,,,,,,2013,
Burundi,,,,,,2013,
Cameroon,,,,,,2013,
Cape Verde,,,,,,2013,
Chad,,,,,,2013,
Côte d'Ivoire,,,,,,2013,
Ghana,,,,,,2013,
Guatemala,,,,,,2013,
India,,,,,,2013,
Jamaica,,,,,,2013,
Jordan,,,,,,2013,
Kenya,,,,,,2013,
Lao PDR,,,,,,2013,
Luxembourg,,,,,,2013,
Malawi,,,,,,2013,
Mali,,,,,,2013,
Mauritania,,,,,,2013,
Mozambique,,,,,,2013,
Nigeria,,,,,,2013,
Senegal,,,,,,2013,
Tajikistan,,,,,,2013,
Estonia,68,32,2.15,,1,2012,
Latvia,67,33,2.06,,2,2012,
Lithuania,67,33,2.06,,3,2012,
Kazakhstan,67,33,2.02,,4,2012,
Moldova,66,34,1.98,,5,2012,
Armenia,65,35,1.88,,6,2012,
Venezuela,64,36,1.81,,7,2012,
Russian Federation,64,36,1.8,,8,2012,
Ukraine,64,36,1.77,,9,2012,
Bahamas,63,37,1.7,,10,2012,
Kyrgyz Republic,62,38,1.67,,11,2012,
Philippines,62,38,1.64,,12,2012,
Georgia,62,38,1.62,,13,2012,
Bulgaria,61,39,1.55,,14,2012,
Hungary,60,40,1.52,,15,2012,
Poland,60,40,1.52,,16,2012,
Cuba,60,40,1.48,,17,2012,
Slovak Republic,59,41,1.45,,18,2012,
Guyana,59,41,1.42,,19,2012,
Lesotho,58,42,1.37,,20,2012,
Canada,57,43,1.3,,21,2012,
Romania,56,44,1.29,,22,2012,
Iceland,56,44,1.28,,23,2012,
Serbia,56,44,1.28,,24,2012,
Slovenia,56,44,1.25,,25,2012,
Thailand,56,44,1.25,,26,2012,
New Zealand,55,45,1.25,,27,2012,
Botswana,55,45,1.24,,28,2012,
Finland,55,45,1.24,,29,2012,
United States,55,45,1.2,,30,2012,
Mongolia,55,45,1.2,,31,2012,
Argentina,54,46,1.18,,32,2012,
Azerbaijan,54,46,1.17,,33,2012,
Australia,54,46,1.16,,34,2012,
Ireland,53,47,1.15,,35,2012,
Trinidad and Tobago,53,47,1.14,,36,2012,
Uruguay,53,47,1.13,,37,2012,
Panama,53,47,1.13,,38,2012,
Czech Republic,53,47,1.12,,39,2012,
Namibia,52,48,1.1,,40,2012,
South Africa,52,48,1.1,,41,2012,
Brazil,52,48,1.09,,42,2012,
Denmark,52,48,1.09,,43,2012,
Barbados,52,48,1.09,,44,2012,
Israel,52,48,1.09,,45,2012,
China,52,48,1.08,,46,2012,
Honduras,52,48,1.08,,47,2012,
Portugal,52,48,1.07,,48,2012,
Norway,51,49,1.06,,49,2012,
"Macedonia, FYR",51,49,1.06,,50,2012,
Nicaragua,51,49,1.05,,51,2012,
Vietnam,51,49,1.05,,52,2012,
Croatia,51,49,1.04,,53,2012,
Dominican Republic,51,49,1.04,,54,2012,
Sweden,51,49,1.02,,55,2012,
Chile,50,50,1.02,,56,2012,
Paraguay,50,50,1.02,,57,2012,
Germany,50,50,1.01,,58,2012,
Netherlands,50,50,0.99,,59,2012,
Belize,50,50,0.99,,60,2012,
Spain,50,50,0.98,,61,2012,
Ecuador,49,51,0.97,,62,2012,
France,49,51,0.97,,63,2012,
Greece,49,51,0.96,,64,2012,
Belgium,49,51,0.96,,65,2012,
Cyprus,49,51,0.95,,66,2012,
Maldives,49,51,0.95,,67,2012,
Lebanon,48,52,0.93,,68,2012,
Switzerland,48,52,0.91,,69,2012,
United Kingdom,47,53,0.9,,70,2012,
Sri Lanka,47,53,0.89,,71,2012,
Italy,47,53,0.89,,72,2012,
Japan,47,53,0.87,,73,2012,
Austria,47,53,0.87,,74,2012,
Colombia,46,54,0.86,,75,2012,
El Salvador,46,54,0.86,,76,2012,
Peru,46,54,0.84,,77,2012,
Singapore,45,55,0.82,,78,2012,
Mauritius,45,55,0.81,,79,2012,
Indonesia,45,55,0.81,,80,2012,
Costa Rica,43,57,0.77,,81,2012,
Madagascar,43,57,0.76,,82,2012,
Malaysia,42,58,0.71,,83,2012,
Mexico,41,59,0.7,,84,2012,
Syria,41,59,0.7,,85,2012,
Malta,41,59,0.7,,86,2012,
"Korea, Rep.",41,59,0.69,,87,2012,
Bolivia,40,60,0.68,,88,2012,
Tanzania,38,62,0.61,,89,2012,
Brunei Darussalam,37,63,0.58,,90,2012,
Morocco,36,64,0.55,,91,2012,
Algeria,35,65,0.55,,92,2012,
Turkey,35,65,0.54,,93,2012,
Uganda,35,65,0.54,,94,2012,
Kuwait,34,66,0.52,,95,2012,
Egypt,34,66,0.51,,96,2012,
"Iran, Islamic Rep.",33,67,0.5,,97,2012,
Ethiopia,33,67,0.49,,98,2012,
Oman,33,67,0.49,,99,2012,
Cambodia,41,86,0.48,,100,2012,
Zambia,31,69,0.46,,101,2012,
Saudi Arabia,28,72,0.38,,102,2012,
Suriname,23,77,0.3,,103,2012,
Bangladesh,22,78,0.28,,104,2012,
Pakistan,22,78,0.28,,105,2012,
United Arab Emirates,22,78,0.28,,106,2012,
Nepal,20,80,0.24,,107,2012,
Qatar,20,80,0.24,,108,2012,
Bahrain,18,82,0.22,,109,2012,
Yemen,15,85,0.18,,110,2012,
Fiji,9,91,0.1,,111,2012,
Albania,,,,,,2012,
Benin,,,,,,2012,
Burkina Faso,,,,,,2012,
Burundi,,,,,,2012,
Cameroon,,,,,,2012,
Cape Verde,,,,,,2012,
Chad,,,,,,2012,
Côte d'Ivoire,,,,,,2012,
"Gambia, The",,,,,,2012,
Ghana,,,,,,2012,
Guatemala,,,,,,2012,
India,,,,,,2012,
Jamaica,,,,,,2012,
Jordan,,,,,,2012,
Kenya,,,,,,2012,
Luxembourg,,,,,,2012,
Malawi,,,,,,2012,
Mali,,,,,,2012,
Mauritania,,,,,,2012,
Mozambique,,,,,,2012,
Nigeria,,,,,,2012,
Senegal,,,,,,2012,
Tajikistan,,,,,,2012,
Timor-Leste,,,,,,2012,
Estonia,68,32,2.15,,1,2011,
Latvia,67,33,2.06,,2,2011,
Lithuania,67,33,2.06,,3,2011,
Kazakhstan,67,33,2.02,,4,2011,
Moldova,66,34,1.98,,5,2011,
Armenia,65,35,1.88,,6,2011,
Venezuela,64,36,1.81,,7,2011,
Russian Federation,64,36,1.8,,8,2011,
Ukraine,64,36,1.77,,9,2011,
Bahamas,63,37,1.7,,10,2011,
Kyrgyz Republic,62,38,1.67,,11,2011,
Philippines,62,38,1.64,,12,2011,
Georgia,62,38,1.62,,13,2011,
Bulgaria,61,39,1.55,,14,2011,
Hungary,60,40,1.52,,15,2011,
Poland,60,40,1.52,,16,2011,
Jamaica,60,40,1.5,,17,2011,
Cuba,60,40,1.48,,18,2011,
Slovak Republic,59,41,1.45,,19,2011,
Guyana,59,41,1.42,,20,2011,
Lesotho,58,42,1.38,,21,2011,
Canada,57,43,1.3,,22,2011,
Romania,56,44,1.29,,23,2011,
Iceland,56,44,1.28,,24,2011,
Slovenia,56,44,1.25,,25,2011,
Thailand,56,44,1.25,,26,2011,
New Zealand,55,45,1.25,,27,2011,
Botswana,55,45,1.24,,28,2011,
Finland,55,45,1.24,,29,2011,
United States,55,45,1.2,,30,2011,
Mongolia,55,45,1.2,,31,2011,
Argentina,54,46,1.18,,32,2011,
Azerbaijan,54,46,1.17,,33,2011,
Australia,54,46,1.16,,34,2011,
Ireland,53,47,1.15,,35,2011,
Trinidad and Tobago,53,47,1.14,,36,2011,36
Uruguay,53,47,1.13,,37,2011,
Panama,53,47,1.13,,38,2011,
Czech Republic,53,47,1.12,,39,2011,
Namibia,52,48,1.1,,40,2011,
South Africa,52,48,1.1,,41,2011,
Brazil,52,48,1.09,,42,2011,
Denmark,52,48,1.09,,43,2011,
Barbados,52,48,1.09,,44,2011,
Israel,52,48,1.09,,45,2011,
China,52,48,1.08,,46,2011,
Honduras,52,48,1.08,,47,2011,
Portugal,52,48,1.07,,48,2011,
Norway,51,49,1.06,,49,2011,
"Macedonia, FYR",51,49,1.06,,50,2011,
Nicaragua,51,49,1.05,,51,2011,
Vietnam,51,49,1.05,,52,2011,
Croatia,51,49,1.04,,53,2011,
Dominican Republic,51,49,1.04,,54,2011,
Sweden,51,49,1.02,,55,2011,
Chile,50,50,1.02,,56,2011,
Paraguay,50,50,1.02,,57,2011,
Germany,50,50,1.01,,58,2011,
Netherlands,50,50,0.99,,59,2011,
Belize,50,50,0.99,,60,2011,
Spain,50,50,0.98,,61,2011,
Ecuador,49,51,0.97,,62,2011,
France,49,51,0.97,,63,2011,
Greece,49,51,0.96,,64,2011,
Belgium,49,51,0.96,,65,2011,
Cyprus,49,51,0.95,,66,2011,
Maldives,49,51,0.95,,67,2011,
Lebanon,48,52,0.93,,68,2011,
Switzerland,48,52,0.91,,69,2011,
United Kingdom,47,53,0.9,,70,2011,
Sri Lanka,47,53,0.89,,71,2011,
Italy,47,53,0.89,,72,2011,
Japan,47,53,0.87,,73,2011,
Austria,47,53,0.87,,74,2011,
Colombia,46,54,0.86,,75,2011,
El Salvador,46,54,0.86,,76,2011,
Peru,46,54,0.84,,77,2011,
Singapore,45,55,0.82,,78,2011,
Mauritius,45,55,0.81,,79,2011,
Indonesia,45,55,0.81,,80,2011,
Costa Rica,43,57,0.77,,81,2011,
Madagascar,43,57,0.76,,82,2011,
Malaysia,42,58,0.71,,83,2011,
Mexico,41,59,0.7,,84,2011,
Syria,41,59,0.7,,85,2011,
Malta,41,59,0.7,,86,2011,
"Korea, Rep.",41,59,0.69,,87,2011,
Bolivia,40,60,0.68,,88,2011,
Zimbabwe,40,60,0.67,,89,2011,
Tanzania,38,62,0.61,,90,2011,
Brunei Darussalam,37,63,0.58,,91,2011,
Morocco,36,64,0.55,,92,2011,
Algeria,35,65,0.55,,93,2011,
Turkey,35,65,0.54,,94,2011,
Uganda,35,65,0.54,,95,2011,
Kuwait,34,66,0.52,,96,2011,
Egypt,34,66,0.51,,97,2011,
"Iran, Islamic Rep.",33,67,0.5,,98,2011,
Ethiopia,33,67,0.49,,99,2011,
Oman,33,67,0.49,,100,2011,
Cambodia,33,67,0.48,,101,2011,
Zambia,31,69,0.45,,102,2011,
Jordan,29,71,0.41,,103,2011,
Saudi Arabia,28,72,0.38,,104,2011,
Burkina Faso,26,74,0.35,,105,2011,
Cameroon,24,76,0.32,,106,2011,
Suriname,23,77,0.3,,107,2011,
Bangladesh,22,78,0.28,,108,2011,
Pakistan,22,78,0.28,,109,2011,
United Arab Emirates,22,78,0.28,,110,2011,
Mauritania,21,79,0.27,,111,2011,
Nepal,20,80,0.24,,112,2011,
Qatar,20,80,0.24,,113,2011,
Bahrain,18,82,0.22,,114,2011,
Yemen,15,85,0.18,,115,2011,
Fiji,9,91,0.1,,116,2011,
Albania,,,,,,2011,
Angola,,,,,,2011,
Benin,,,,,,2011,
Burundi,,,,,,2011,
Chad,,,,,,2011,
Côte d'Ivoire,,,,,,2011,
"Gambia, The",,,,,,2011,
Ghana,,,,,,2011,
Guatemala,,,,,,2011,
India,,,,,,2011,
Kenya,,,,,,2011,
Luxembourg,,,,,,2011,
Malawi,,,,,,2011,
Mali,,,,,,2011,
Mozambique,,,,,,2011,
Nigeria,,,,,,2011,
Senegal,,,,,,2011,
Tajikistan,,,,,,2011,
Tunisia,,,,,,2011,
