"","year","team","category","medal"
"18772",1984,"China","Archery","SILVER"
"18773",1984,"China","Track & Field","BRONZE"
"18774",1984,"China","Basketball","BRONZE"
"18775",1984,"China","Basketball","BRONZE"
"18776",1984,"China","Basketball","BRONZE"
"18777",1984,"China","Basketball","BRONZE"
"18778",1984,"China","Basketball","BRONZE"
"18779",1984,"China","Basketball","BRONZE"
"18780",1984,"China","Basketball","BRONZE"
"18781",1984,"China","Basketball","BRONZE"
"18782",1984,"China","Basketball","BRONZE"
"18783",1984,"China","Basketball","BRONZE"
"18784",1984,"China","Basketball","BRONZE"
"18785",1984,"China","Basketball","BRONZE"
"18786",1984,"China","Diving","SILVER"
"18787",1984,"China","Diving","BRONZE"
"18788",1984,"China","Diving","GOLD"
"18789",1984,"China","Fencing","GOLD"
"18790",1984,"China","Gymnastics","BRONZE"
"18791",1984,"China","Gymnastics","SILVER"
"18792",1984,"China","Gymnastics","GOLD"
"18793",1984,"China","Gymnastics","SILVER"
"18794",1984,"China","Gymnastics","GOLD"
"18795",1984,"China","Gymnastics","GOLD"
"18796",1984,"China","Gymnastics","GOLD"
"18797",1984,"China","Gymnastics","SILVER"
"18798",1984,"China","Gymnastics","SILVER"
"18799",1984,"China","Gymnastics","SILVER"
"18800",1984,"China","Gymnastics","SILVER"
"18801",1984,"China","Gymnastics","SILVER"
"18802",1984,"China","Gymnastics","SILVER"
"18803",1984,"China","Gymnastics","SILVER"
"18804",1984,"China","Gymnastics","GOLD"
"18805",1984,"China","Gymnastics","BRONZE"
"18806",1984,"China","Gymnastics","BRONZE"
"18807",1984,"China","Gymnastics","BRONZE"
"18808",1984,"China","Gymnastics","BRONZE"
"18809",1984,"China","Gymnastics","BRONZE"
"18810",1984,"China","Gymnastics","BRONZE"
"18811",1984,"China","Handball","BRONZE"
"18812",1984,"China","Handball","BRONZE"
"18813",1984,"China","Handball","BRONZE"
"18814",1984,"China","Handball","BRONZE"
"18815",1984,"China","Handball","BRONZE"
"18816",1984,"China","Handball","BRONZE"
"18817",1984,"China","Handball","BRONZE"
"18818",1984,"China","Handball","BRONZE"
"18819",1984,"China","Handball","BRONZE"
"18820",1984,"China","Handball","BRONZE"
"18821",1984,"China","Handball","BRONZE"
"18822",1984,"China","Handball","BRONZE"
"18823",1984,"China","Handball","BRONZE"
"18824",1984,"China","Shooting","GOLD"
"18825",1984,"China","Shooting","BRONZE"
"18826",1984,"China","Shooting","GOLD"
"18827",1984,"China","Shooting","BRONZE"
"18828",1984,"China","Shooting","GOLD"
"18829",1984,"China","Shooting","BRONZE"
"18830",1984,"China","Volleyball","GOLD"
"18831",1984,"China","Volleyball","GOLD"
"18832",1984,"China","Volleyball","GOLD"
"18833",1984,"China","Volleyball","GOLD"
"18834",1984,"China","Volleyball","GOLD"
"18835",1984,"China","Volleyball","GOLD"
"18836",1984,"China","Volleyball","GOLD"
"18837",1984,"China","Volleyball","GOLD"
"18838",1984,"China","Volleyball","GOLD"
"18839",1984,"China","Volleyball","GOLD"
"18840",1984,"China","Volleyball","GOLD"
"18841",1984,"China","Volleyball","GOLD"
"18842",1984,"China","Weightlifting","GOLD"
"18843",1984,"China","Weightlifting","SILVER"
"18844",1984,"China","Weightlifting","GOLD"
"18845",1984,"China","Weightlifting","SILVER"
"18846",1984,"China","Weightlifting","GOLD"
"18847",1984,"China","Weightlifting","GOLD"
"20360",1988,"China","Track & Field","BRONZE"
"20361",1988,"China","Diving","SILVER"
"20362",1988,"China","Diving","BRONZE"
"20363",1988,"China","Diving","SILVER"
"20364",1988,"China","Diving","GOLD"
"20365",1988,"China","Diving","SILVER"
"20366",1988,"China","Diving","GOLD"
"20367",1988,"China","Gymnastics","GOLD"
"20368",1988,"China","Gymnastics","BRONZE"
"20369",1988,"China","Rowing","SILVER"
"20370",1988,"China","Rowing","SILVER"
"20371",1988,"China","Rowing","SILVER"
"20372",1988,"China","Rowing","SILVER"
"20373",1988,"China","Rowing","SILVER"
"20374",1988,"China","Rowing","BRONZE"
"20375",1988,"China","Rowing","BRONZE"
"20376",1988,"China","Rowing","BRONZE"
"20377",1988,"China","Rowing","BRONZE"
"20378",1988,"China","Rowing","BRONZE"
"20379",1988,"China","Rowing","BRONZE"
"20380",1988,"China","Rowing","BRONZE"
"20381",1988,"China","Rowing","BRONZE"
"20382",1988,"China","Rowing","BRONZE"
"20383",1988,"China","Shooting","BRONZE"
"20384",1988,"China","Shooting","SILVER"
"20385",1988,"China","Swimming","SILVER"
"20386",1988,"China","Swimming","SILVER"
"20387",1988,"China","Swimming","SILVER"
"20388",1988,"China","Swimming","BRONZE"
"20389",1988,"China","Table Tennis","GOLD"
"20390",1988,"China","Table Tennis","GOLD"
"20391",1988,"China","Table Tennis","GOLD"
"20392",1988,"China","Table Tennis","SILVER"
"20393",1988,"China","Table Tennis","BRONZE"
"20394",1988,"China","Table Tennis","SILVER"
"20395",1988,"China","Table Tennis","SILVER"
"20396",1988,"China","Volleyball","BRONZE"
"20397",1988,"China","Volleyball","BRONZE"
"20398",1988,"China","Volleyball","BRONZE"
"20399",1988,"China","Volleyball","BRONZE"
"20400",1988,"China","Volleyball","BRONZE"
"20401",1988,"China","Volleyball","BRONZE"
"20402",1988,"China","Volleyball","BRONZE"
"20403",1988,"China","Volleyball","BRONZE"
"20404",1988,"China","Volleyball","BRONZE"
"20405",1988,"China","Volleyball","BRONZE"
"20406",1988,"China","Volleyball","BRONZE"
"20407",1988,"China","Weightlifting","BRONZE"
"20408",1988,"China","Weightlifting","SILVER"
"20409",1988,"China","Weightlifting","BRONZE"
"20410",1988,"China","Weightlifting","BRONZE"
"20411",1988,"China","Weightlifting","BRONZE"
"21644",1992,"China","Archery","SILVER"
"21645",1992,"China","Archery","SILVER"
"21646",1992,"China","Archery","SILVER"
"21647",1992,"China","Track & Field","BRONZE"
"21648",1992,"China","Track & Field","SILVER"
"21649",1992,"China","Track & Field","GOLD"
"21650",1992,"China","Track & Field","BRONZE"
"21651",1992,"China","Badminton","BRONZE"
"21652",1992,"China","Badminton","BRONZE"
"21653",1992,"China","Badminton","BRONZE"
"21654",1992,"China","Badminton","BRONZE"
"21655",1992,"China","Badminton","SILVER"
"21656",1992,"China","Badminton","SILVER"
"21657",1992,"China","Badminton","BRONZE"
"21658",1992,"China","Badminton","BRONZE"
"21659",1992,"China","Basketball","SILVER"
"21660",1992,"China","Basketball","SILVER"
"21661",1992,"China","Basketball","SILVER"
"21662",1992,"China","Basketball","SILVER"
"21663",1992,"China","Basketball","SILVER"
"21664",1992,"China","Basketball","SILVER"
"21665",1992,"China","Basketball","SILVER"
"21666",1992,"China","Basketball","SILVER"
"21667",1992,"China","Basketball","SILVER"
"21668",1992,"China","Basketball","SILVER"
"21669",1992,"China","Basketball","SILVER"
"21670",1992,"China","Diving","SILVER"
"21671",1992,"China","Diving","GOLD"
"21672",1992,"China","Diving","BRONZE"
"21673",1992,"China","Diving","GOLD"
"21674",1992,"China","Diving","GOLD"
"21675",1992,"China","Fencing","SILVER"
"21676",1992,"China","Gymnastics","SILVER"
"21677",1992,"China","Gymnastics","BRONZE"
"21678",1992,"China","Gymnastics","SILVER"
"21679",1992,"China","Gymnastics","BRONZE"
"21680",1992,"China","Gymnastics","GOLD"
"21681",1992,"China","Gymnastics","SILVER"
"21682",1992,"China","Gymnastics","SILVER"
"21683",1992,"China","Gymnastics","SILVER"
"21684",1992,"China","Gymnastics","SILVER"
"21685",1992,"China","Gymnastics","SILVER"
"21686",1992,"China","Gymnastics","SILVER"
"21687",1992,"China","Gymnastics","GOLD"
"21688",1992,"China","Gymnastics","SILVER"
"21689",1992,"China","Judo","BRONZE"
"21690",1992,"China","Judo","BRONZE"
"21691",1992,"China","Judo","GOLD"
"21692",1992,"China","Rowing","BRONZE"
"21693",1992,"China","Rowing","BRONZE"
"21694",1992,"China","Shooting","SILVER"
"21695",1992,"China","Shooting","GOLD"
"21696",1992,"China","Shooting","GOLD"
"21697",1992,"China","Shooting","SILVER"
"21698",1992,"China","Swimming","GOLD"
"21699",1992,"China","Swimming","SILVER"
"21700",1992,"China","Swimming","GOLD"
"21701",1992,"China","Swimming","SILVER"
"21702",1992,"China","Swimming","GOLD"
"21703",1992,"China","Swimming","SILVER"
"21704",1992,"China","Swimming","GOLD"
"21705",1992,"China","Swimming","SILVER"
"21706",1992,"China","Swimming","SILVER"
"21707",1992,"China","Swimming","SILVER"
"21708",1992,"China","Swimming","SILVER"
"21709",1992,"China","Swimming","SILVER"
"21710",1992,"China","Swimming","SILVER"
"21711",1992,"China","Table Tennis","BRONZE"
"21712",1992,"China","Table Tennis","GOLD"
"21713",1992,"China","Table Tennis","GOLD"
"21714",1992,"China","Table Tennis","GOLD"
"21715",1992,"China","Table Tennis","SILVER"
"21716",1992,"China","Table Tennis","GOLD"
"21717",1992,"China","Table Tennis","GOLD"
"21718",1992,"China","Table Tennis","SILVER"
"21719",1992,"China","Table Tennis","SILVER"
"21720",1992,"China","Weightlifting","SILVER"
"21721",1992,"China","Weightlifting","SILVER"
"21722",1992,"China","Weightlifting","BRONZE"
"21723",1992,"China","Weightlifting","BRONZE"
"21724",1992,"China","Wrestling","BRONZE"
"21725",1992,"China","Sailing","SILVER"
"23205",1996,"China","Archery","SILVER"
"23206",1996,"China","Track & Field","SILVER"
"23207",1996,"China","Track & Field","SILVER"
"23208",1996,"China","Track & Field","BRONZE"
"23209",1996,"China","Track & Field","GOLD"
"23210",1996,"China","Badminton","SILVER"
"23211",1996,"China","Badminton","GOLD"
"23212",1996,"China","Badminton","GOLD"
"23213",1996,"China","Badminton","BRONZE"
"23214",1996,"China","Badminton","BRONZE"
"23215",1996,"China","Badminton","BRONZE"
"23216",1996,"China","Badminton","BRONZE"
"23217",1996,"China","Diving","GOLD"
"23218",1996,"China","Diving","SILVER"
"23219",1996,"China","Diving","BRONZE"
"23220",1996,"China","Diving","GOLD"
"23221",1996,"China","Diving","GOLD"
"23222",1996,"China","Gymnastics","GOLD"
"23223",1996,"China","Gymnastics","BRONZE"
"23224",1996,"China","Gymnastics","SILVER"
"23225",1996,"China","Gymnastics","SILVER"
"23226",1996,"China","Gymnastics","SILVER"
"23227",1996,"China","Gymnastics","SILVER"
"23228",1996,"China","Gymnastics","SILVER"
"23229",1996,"China","Gymnastics","SILVER"
"23230",1996,"China","Gymnastics","SILVER"
"23231",1996,"China","Gymnastics","SILVER"
"23232",1996,"China","Gymnastics","SILVER"
"23233",1996,"China","Gymnastics","SILVER"
"23234",1996,"China","Judo","BRONZE"
"23235",1996,"China","Judo","GOLD"
"23236",1996,"China","Rowing","SILVER"
"23237",1996,"China","Rowing","SILVER"
"23238",1996,"China","Shooting","SILVER"
"23239",1996,"China","Shooting","GOLD"
"23240",1996,"China","Shooting","SILVER"
"23241",1996,"China","Shooting","BRONZE"
"23242",1996,"China","Shooting","GOLD"
"23243",1996,"China","Soccer","SILVER"
"23244",1996,"China","Soccer","SILVER"
"23245",1996,"China","Soccer","SILVER"
"23246",1996,"China","Soccer","SILVER"
"23247",1996,"China","Soccer","SILVER"
"23248",1996,"China","Soccer","SILVER"
"23249",1996,"China","Soccer","SILVER"
"23250",1996,"China","Soccer","SILVER"
"23251",1996,"China","Soccer","SILVER"
"23252",1996,"China","Soccer","SILVER"
"23253",1996,"China","Soccer","SILVER"
"23254",1996,"China","Soccer","SILVER"
"23255",1996,"China","Soccer","SILVER"
"23256",1996,"China","Soccer","SILVER"
"23257",1996,"China","Soccer","SILVER"
"23258",1996,"China","Soccer","SILVER"
"23259",1996,"China","Softball","SILVER"
"23260",1996,"China","Softball","SILVER"
"23261",1996,"China","Softball","SILVER"
"23262",1996,"China","Softball","SILVER"
"23263",1996,"China","Softball","SILVER"
"23264",1996,"China","Softball","SILVER"
"23265",1996,"China","Softball","SILVER"
"23266",1996,"China","Softball","SILVER"
"23267",1996,"China","Softball","SILVER"
"23268",1996,"China","Softball","SILVER"
"23269",1996,"China","Softball","SILVER"
"23270",1996,"China","Softball","SILVER"
"23271",1996,"China","Softball","SILVER"
"23272",1996,"China","Softball","SILVER"
"23273",1996,"China","Softball","SILVER"
"23274",1996,"China","Softball","SILVER"
"23275",1996,"China","Softball","SILVER"
"23276",1996,"China","Swimming","SILVER"
"23277",1996,"China","Swimming","GOLD"
"23278",1996,"China","Swimming","SILVER"
"23279",1996,"China","Swimming","BRONZE"
"23280",1996,"China","Swimming","SILVER"
"23281",1996,"China","Swimming","SILVER"
"23282",1996,"China","Swimming","SILVER"
"23283",1996,"China","Swimming","SILVER"
"23284",1996,"China","Swimming","BRONZE"
"23285",1996,"China","Swimming","BRONZE"
"23286",1996,"China","Swimming","BRONZE"
"23287",1996,"China","Swimming","BRONZE"
"23288",1996,"China","Table Tennis","GOLD"
"23289",1996,"China","Table Tennis","SILVER"
"23290",1996,"China","Table Tennis","GOLD"
"23291",1996,"China","Table Tennis","GOLD"
"23292",1996,"China","Table Tennis","SILVER"
"23293",1996,"China","Table Tennis","SILVER"
"23294",1996,"China","Table Tennis","GOLD"
"23295",1996,"China","Table Tennis","BRONZE"
"23296",1996,"China","Table Tennis","GOLD"
"23297",1996,"China","Table Tennis","GOLD"
"23298",1996,"China","Table Tennis","SILVER"
"23299",1996,"China","Table Tennis","SILVER"
"23300",1996,"China","Volleyball","SILVER"
"23301",1996,"China","Volleyball","SILVER"
"23302",1996,"China","Volleyball","SILVER"
"23303",1996,"China","Volleyball","SILVER"
"23304",1996,"China","Volleyball","SILVER"
"23305",1996,"China","Volleyball","SILVER"
"23306",1996,"China","Volleyball","SILVER"
"23307",1996,"China","Volleyball","SILVER"
"23308",1996,"China","Volleyball","SILVER"
"23309",1996,"China","Volleyball","SILVER"
"23310",1996,"China","Volleyball","SILVER"
"23311",1996,"China","Volleyball","SILVER"
"23312",1996,"China","Weightlifting","SILVER"
"23313",1996,"China","Weightlifting","GOLD"
"23314",1996,"China","Weightlifting","BRONZE"
"23315",1996,"China","Weightlifting","GOLD"
"23316",1996,"China","Wrestling","BRONZE"
"24989",2000,"China","Track & Field","GOLD"
"24990",2000,"China","Badminton","GOLD"
"24991",2000,"China","Badminton","BRONZE"
"24992",2000,"China","Badminton","GOLD"
"24993",2000,"China","Badminton","BRONZE"
"24994",2000,"China","Badminton","GOLD"
"24995",2000,"China","Badminton","GOLD"
"24996",2000,"China","Badminton","SILVER"
"24997",2000,"China","Badminton","SILVER"
"24998",2000,"China","Badminton","BRONZE"
"24999",2000,"China","Badminton","BRONZE"
"25000",2000,"China","Badminton","GOLD"
"25001",2000,"China","Badminton","GOLD"
"25002",2000,"China","Cycling","BRONZE"
"25003",2000,"China","Diving","GOLD"
"25004",2000,"China","Diving","GOLD"
"25005",2000,"China","Diving","SILVER"
"25006",2000,"China","Diving","GOLD"
"25007",2000,"China","Diving","SILVER"
"25008",2000,"China","Diving","SILVER"
"25009",2000,"China","Diving","GOLD"
"25010",2000,"China","Diving","GOLD"
"25011",2000,"China","Diving","SILVER"
"25012",2000,"China","Diving","SILVER"
"25013",2000,"China","Diving","SILVER"
"25014",2000,"China","Diving","SILVER"
"25015",2000,"China","Diving","GOLD"
"25016",2000,"China","Diving","GOLD"
"25017",2000,"China","Fencing","SILVER"
"25018",2000,"China","Fencing","SILVER"
"25019",2000,"China","Fencing","SILVER"
"25020",2000,"China","Fencing","SILVER"
"25021",2000,"China","Fencing","BRONZE"
"25022",2000,"China","Fencing","BRONZE"
"25023",2000,"China","Fencing","BRONZE"
"25024",2000,"China","Fencing","BRONZE"
"25025",2000,"China","Gymnastics","SILVER"
"25026",2000,"China","Gymnastics","GOLD"
"25027",2000,"China","Gymnastics","GOLD"
"25028",2000,"China","Gymnastics","GOLD"
"25029",2000,"China","Gymnastics","GOLD"
"25030",2000,"China","Gymnastics","GOLD"
"25031",2000,"China","Gymnastics","GOLD"
"25032",2000,"China","Gymnastics","GOLD"
"25033",2000,"China","Gymnastics","BRONZE"
"25034",2000,"China","Gymnastics","SILVER"
"25035",2000,"China","Gymnastics","BRONZE"
"25036",2000,"China","Gymnastics","GOLD"
"25037",2000,"China","Gymnastics","BRONZE"
"25038",2000,"China","Gymnastics","BRONZE"
"25039",2000,"China","Gymnastics","BRONZE"
"25040",2000,"China","Gymnastics","BRONZE"
"25041",2000,"China","Gymnastics","BRONZE"
"25042",2000,"China","Gymnastics","BRONZE"
"25043",2000,"China","Judo","BRONZE"
"25044",2000,"China","Judo","SILVER"
"25045",2000,"China","Judo","GOLD"
"25046",2000,"China","Judo","GOLD"
"25047",2000,"China","Shooting","SILVER"
"25048",2000,"China","Shooting","GOLD"
"25049",2000,"China","Shooting","BRONZE"
"25050",2000,"China","Shooting","GOLD"
"25051",2000,"China","Shooting","SILVER"
"25052",2000,"China","Shooting","GOLD"
"25053",2000,"China","Shooting","BRONZE"
"25054",2000,"China","Shooting","BRONZE"
"25055",2000,"China","Table Tennis","GOLD"
"25056",2000,"China","Table Tennis","BRONZE"
"25057",2000,"China","Table Tennis","GOLD"
"25058",2000,"China","Table Tennis","GOLD"
"25059",2000,"China","Table Tennis","SILVER"
"25060",2000,"China","Table Tennis","SILVER"
"25061",2000,"China","Table Tennis","GOLD"
"25062",2000,"China","Table Tennis","SILVER"
"25063",2000,"China","Table Tennis","GOLD"
"25064",2000,"China","Table Tennis","GOLD"
"25065",2000,"China","Table Tennis","SILVER"
"25066",2000,"China","Table Tennis","SILVER"
"25067",2000,"China","Taekwondo","GOLD"
"25068",2000,"China","Weightlifting","SILVER"
"25069",2000,"China","Weightlifting","BRONZE"
"25070",2000,"China","Weightlifting","GOLD"
"25071",2000,"China","Weightlifting","GOLD"
"25072",2000,"China","Weightlifting","GOLD"
"25073",2000,"China","Weightlifting","GOLD"
"25074",2000,"China","Weightlifting","GOLD"
"25075",2000,"China","Wrestling","BRONZE"
"27023",2004,"China","Archery","SILVER"
"27024",2004,"China","Archery","SILVER"
"27025",2004,"China","Archery","SILVER"
"27026",2004,"China","Track & Field","GOLD"
"27027",2004,"China","Track & Field","GOLD"
"27028",2004,"China","Badminton","GOLD"
"27029",2004,"China","Badminton","BRONZE"
"27030",2004,"China","Badminton","GOLD"
"27031",2004,"China","Badminton","GOLD"
"27032",2004,"China","Badminton","SILVER"
"27033",2004,"China","Badminton","SILVER"
"27034",2004,"China","Badminton","GOLD"
"27035",2004,"China","Badminton","GOLD"
"27036",2004,"China","Boxing","BRONZE"
"27037",2004,"China","Canoeing","GOLD"
"27038",2004,"China","Canoeing","GOLD"
"27039",2004,"China","Cycling","SILVER"
"27040",2004,"China","Diving","GOLD"
"27041",2004,"China","Diving","GOLD"
"27042",2004,"China","Diving","BRONZE"
"27043",2004,"China","Diving","GOLD"
"27044",2004,"China","Diving","SILVER"
"27045",2004,"China","Diving","SILVER"
"27046",2004,"China","Diving","GOLD"
"27047",2004,"China","Diving","GOLD"
"27048",2004,"China","Diving","GOLD"
"27049",2004,"China","Diving","GOLD"
"27050",2004,"China","Diving","GOLD"
"27051",2004,"China","Diving","GOLD"
"27052",2004,"China","Fencing","SILVER"
"27053",2004,"China","Fencing","SILVER"
"27054",2004,"China","Fencing","SILVER"
"27055",2004,"China","Fencing","SILVER"
"27056",2004,"China","Fencing","SILVER"
"27057",2004,"China","Fencing","SILVER"
"27058",2004,"China","Gymnastics","BRONZE"
"27059",2004,"China","Gymnastics","GOLD"
"27060",2004,"China","Gymnastics","BRONZE"
"27061",2004,"China","Gymnastics","BRONZE"
"27062",2004,"China","Judo","BRONZE"
"27063",2004,"China","Judo","GOLD"
"27064",2004,"China","Judo","BRONZE"
"27065",2004,"China","Judo","SILVER"
"27066",2004,"China","Judo","BRONZE"
"27067",2004,"China","Shooting","GOLD"
"27068",2004,"China","Shooting","GOLD"
"27069",2004,"China","Shooting","GOLD"
"27070",2004,"China","Shooting","SILVER"
"27071",2004,"China","Shooting","BRONZE"
"27072",2004,"China","Shooting","GOLD"
"27073",2004,"China","Shooting","BRONZE"
"27074",2004,"China","Shooting","BRONZE"
"27075",2004,"China","Shooting","SILVER"
"27076",2004,"China","Swimming","GOLD"
"27077",2004,"China","Swimming","SILVER"
"27078",2004,"China","Swimming","SILVER"
"27079",2004,"China","Swimming","SILVER"
"27080",2004,"China","Swimming","SILVER"
"27081",2004,"China","Swimming","SILVER"
"27082",2004,"China","Table Tennis","SILVER"
"27083",2004,"China","Table Tennis","BRONZE"
"27084",2004,"China","Table Tennis","GOLD"
"27085",2004,"China","Table Tennis","GOLD"
"27086",2004,"China","Table Tennis","GOLD"
"27087",2004,"China","Table Tennis","GOLD"
"27088",2004,"China","Table Tennis","GOLD"
"27089",2004,"China","Table Tennis","BRONZE"
"27090",2004,"China","Table Tennis","BRONZE"
"27091",2004,"China","Tennis","GOLD"
"27092",2004,"China","Tennis","GOLD"
"27093",2004,"China","Taekwondo","GOLD"
"27094",2004,"China","Taekwondo","GOLD"
"27095",2004,"China","Volleyball","GOLD"
"27096",2004,"China","Volleyball","GOLD"
"27097",2004,"China","Volleyball","GOLD"
"27098",2004,"China","Volleyball","GOLD"
"27099",2004,"China","Volleyball","GOLD"
"27100",2004,"China","Volleyball","GOLD"
"27101",2004,"China","Volleyball","GOLD"
"27102",2004,"China","Volleyball","GOLD"
"27103",2004,"China","Volleyball","GOLD"
"27104",2004,"China","Volleyball","GOLD"
"27105",2004,"China","Volleyball","GOLD"
"27106",2004,"China","Volleyball","GOLD"
"27107",2004,"China","Weightlifting","SILVER"
"27108",2004,"China","Weightlifting","GOLD"
"27109",2004,"China","Weightlifting","SILVER"
"27110",2004,"China","Weightlifting","GOLD"
"27111",2004,"China","Weightlifting","SILVER"
"27112",2004,"China","Weightlifting","GOLD"
"27113",2004,"China","Weightlifting","GOLD"
"27114",2004,"China","Weightlifting","GOLD"
"27115",2004,"China","Wrestling","GOLD"
"27116",2004,"China","Sailing","SILVER"
"28878",2008,"China","Archery","GOLD"
"28879",2008,"China","Archery","BRONZE"
"28880",2008,"China","Archery","BRONZE"
"28881",2008,"China","Archery","BRONZE"
"28882",2008,"China","Archery","SILVER"
"28883",2008,"China","Archery","SILVER"
"28884",2008,"China","Archery","SILVER"
"28885",2008,"China","Track & Field","BRONZE"
"28886",2008,"China","Track & Field","BRONZE"
"28887",2008,"China","Badminton","GOLD"
"28888",2008,"China","Badminton","BRONZE"
"28889",2008,"China","Badminton","SILVER"
"28890",2008,"China","Badminton","SILVER"
"28891",2008,"China","Badminton","GOLD"
"28892",2008,"China","Badminton","SILVER"
"28893",2008,"China","Badminton","GOLD"
"28894",2008,"China","Badminton","GOLD"
"28895",2008,"China","Badminton","BRONZE"
"28896",2008,"China","Badminton","BRONZE"
"28897",2008,"China","Badminton","BRONZE"
"28898",2008,"China","Badminton","BRONZE"
"28899",2008,"China","Boxing","GOLD"
"28900",2008,"China","Boxing","BRONZE"
"28901",2008,"China","Boxing","GOLD"
"28902",2008,"China","Boxing","SILVER"
"28903",2008,"China","Canoeing","GOLD"
"28904",2008,"China","Canoeing","GOLD"
"28905",2008,"China","Cycling","BRONZE"
"28906",2008,"China","Diving","GOLD"
"28907",2008,"China","Diving","BRONZE"
"28908",2008,"China","Diving","SILVER"
"28909",2008,"China","Diving","GOLD"
"28910",2008,"China","Diving","BRONZE"
"28911",2008,"China","Diving","GOLD"
"28912",2008,"China","Diving","BRONZE"
"28913",2008,"China","Diving","GOLD"
"28914",2008,"China","Diving","GOLD"
"28915",2008,"China","Diving","GOLD"
"28916",2008,"China","Diving","GOLD"
"28917",2008,"China","Diving","GOLD"
"28918",2008,"China","Diving","GOLD"
"28919",2008,"China","Diving","GOLD"
"28920",2008,"China","Fencing","GOLD"
"28921",2008,"China","Fencing","SILVER"
"28922",2008,"China","Fencing","SILVER"
"28923",2008,"China","Fencing","SILVER"
"28924",2008,"China","Fencing","SILVER"
"28925",2008,"China","Gymnastics","GOLD"
"28926",2008,"China","Gymnastics","GOLD"
"28927",2008,"China","Gymnastics","GOLD"
"28928",2008,"China","Gymnastics","GOLD"
"28929",2008,"China","Gymnastics","GOLD"
"28930",2008,"China","Gymnastics","SILVER"
"28931",2008,"China","Gymnastics","GOLD"
"28932",2008,"China","Gymnastics","GOLD"
"28933",2008,"China","Gymnastics","GOLD"
"28934",2008,"China","Gymnastics","GOLD"
"28935",2008,"China","Gymnastics","GOLD"
"28936",2008,"China","Gymnastics","GOLD"
"28937",2008,"China","Gymnastics","GOLD"
"28938",2008,"China","Gymnastics","BRONZE"
"28939",2008,"China","Gymnastics","BRONZE"
"28940",2008,"China","Gymnastics","GOLD"
"28941",2008,"China","Gymnastics","BRONZE"
"28942",2008,"China","Gymnastics","BRONZE"
"28943",2008,"China","Gymnastics","GOLD"
"28944",2008,"China","Gymnastics","GOLD"
"28945",2008,"China","Gymnastics","GOLD"
"28946",2008,"China","Gymnastics","GOLD"
"28947",2008,"China","Gymnastics","GOLD"
"28948",2008,"China","Gymnastics","GOLD"
"28949",2008,"China","Gymnastics","SILVER"
"28950",2008,"China","Gymnastics","SILVER"
"28951",2008,"China","Gymnastics","SILVER"
"28952",2008,"China","Gymnastics","SILVER"
"28953",2008,"China","Gymnastics","SILVER"
"28954",2008,"China","Gymnastics","SILVER"
"28955",2008,"China","Gymnastics","GOLD"
"28956",2008,"China","Gymnastics","BRONZE"
"28957",2008,"China","Gymnastics","GOLD"
"28958",2008,"China","Field Hockey","SILVER"
"28959",2008,"China","Field Hockey","SILVER"
"28960",2008,"China","Field Hockey","SILVER"
"28961",2008,"China","Field Hockey","SILVER"
"28962",2008,"China","Field Hockey","SILVER"
"28963",2008,"China","Field Hockey","SILVER"
"28964",2008,"China","Field Hockey","SILVER"
"28965",2008,"China","Field Hockey","SILVER"
"28966",2008,"China","Field Hockey","SILVER"
"28967",2008,"China","Field Hockey","SILVER"
"28968",2008,"China","Field Hockey","SILVER"
"28969",2008,"China","Field Hockey","SILVER"
"28970",2008,"China","Field Hockey","SILVER"
"28971",2008,"China","Field Hockey","SILVER"
"28972",2008,"China","Field Hockey","SILVER"
"28973",2008,"China","Field Hockey","SILVER"
"28974",2008,"China","Judo","GOLD"
"28975",2008,"China","Judo","BRONZE"
"28976",2008,"China","Judo","GOLD"
"28977",2008,"China","Judo","GOLD"
"28978",2008,"China","Rowing","GOLD"
"28979",2008,"China","Rowing","GOLD"
"28980",2008,"China","Rowing","GOLD"
"28981",2008,"China","Rowing","GOLD"
"28982",2008,"China","Rowing","SILVER"
"28983",2008,"China","Rowing","SILVER"
"28984",2008,"China","Shooting","SILVER"
"28985",2008,"China","Shooting","GOLD"
"28986",2008,"China","Shooting","GOLD"
"28987",2008,"China","Shooting","SILVER"
"28988",2008,"China","Shooting","BRONZE"
"28989",2008,"China","Shooting","GOLD"
"28990",2008,"China","Shooting","GOLD"
"28991",2008,"China","Shooting","GOLD"
"28992",2008,"China","Swimming","SILVER"
"28993",2008,"China","Swimming","BRONZE"
"28994",2008,"China","Swimming","GOLD"
"28995",2008,"China","Swimming","SILVER"
"28996",2008,"China","Swimming","BRONZE"
"28997",2008,"China","Swimming","BRONZE"
"28998",2008,"China","Swimming","BRONZE"
"28999",2008,"China","Swimming","BRONZE"
"29000",2008,"China","Swimming","BRONZE"
"29001",2008,"China","Swimming","SILVER"
"29002",2008,"China","Swimming","SILVER"
"29003",2008,"China","Swimming","SILVER"
"29004",2008,"China","Swimming","SILVER"
"29005",2008,"China","Swimming","SILVER"
"29006",2008,"China","Synchronised Swimming","BRONZE"
"29007",2008,"China","Synchronised Swimming","BRONZE"
"29008",2008,"China","Synchronised Swimming","BRONZE"
"29009",2008,"China","Synchronised Swimming","BRONZE"
"29010",2008,"China","Synchronised Swimming","BRONZE"
"29011",2008,"China","Synchronised Swimming","BRONZE"
"29012",2008,"China","Synchronised Swimming","BRONZE"
"29013",2008,"China","Synchronised Swimming","BRONZE"
"29014",2008,"China","Synchronised Swimming","BRONZE"
"29015",2008,"China","Table Tennis","GOLD"
"29016",2008,"China","Table Tennis","SILVER"
"29017",2008,"China","Table Tennis","BRONZE"
"29018",2008,"China","Table Tennis","GOLD"
"29019",2008,"China","Table Tennis","SILVER"
"29020",2008,"China","Table Tennis","BRONZE"
"29021",2008,"China","Table Tennis","GOLD"
"29022",2008,"China","Table Tennis","GOLD"
"29023",2008,"China","Table Tennis","GOLD"
"29024",2008,"China","Table Tennis","GOLD"
"29025",2008,"China","Table Tennis","GOLD"
"29026",2008,"China","Table Tennis","GOLD"
"29027",2008,"China","Tennis","BRONZE"
"29028",2008,"China","Tennis","BRONZE"
"29029",2008,"China","Taekwondo","BRONZE"
"29030",2008,"China","Taekwondo","GOLD"
"29031",2008,"China","Volleyball","BRONZE"
"29032",2008,"China","Volleyball","BRONZE"
"29033",2008,"China","Volleyball","BRONZE"
"29034",2008,"China","Volleyball","BRONZE"
"29035",2008,"China","Volleyball","BRONZE"
"29036",2008,"China","Volleyball","BRONZE"
"29037",2008,"China","Volleyball","BRONZE"
"29038",2008,"China","Volleyball","BRONZE"
"29039",2008,"China","Volleyball","BRONZE"
"29040",2008,"China","Volleyball","BRONZE"
"29041",2008,"China","Volleyball","BRONZE"
"29042",2008,"China","Volleyball","BRONZE"
"29043",2008,"China","Volleyball","SILVER"
"29044",2008,"China","Volleyball","SILVER"
"29045",2008,"China","Volleyball","BRONZE"
"29046",2008,"China","Volleyball","BRONZE"
"29047",2008,"China","Weightlifting","GOLD"
"29048",2008,"China","Weightlifting","GOLD"
"29049",2008,"China","Weightlifting","GOLD"
"29050",2008,"China","Weightlifting","SILVER"
"29051",2008,"China","Weightlifting","GOLD"
"29052",2008,"China","Weightlifting","GOLD"
"29053",2008,"China","Weightlifting","GOLD"
"29054",2008,"China","Weightlifting","GOLD"
"29055",2008,"China","Weightlifting","GOLD"
"29056",2008,"China","Wrestling","SILVER"
"29057",2008,"China","Wrestling","SILVER"
"29058",2008,"China","Wrestling","GOLD"
"29059",2008,"China","Sailing","BRONZE"
"29060",2008,"China","Sailing","GOLD"
